{
    "_config_name": "field.instance.comment.comment_node_portfolio.comment_body",
    "field_name": "comment_body",
    "label": "Comment",
    "entity_type": "comment",
    "bundle": "comment_node_portfolio",
    "settings": {
        "text_processing": 1,
        "user_register_form": false
    },
    "required": true,
    "display": {
        "default": {
            "label": "hidden",
            "type": "text_default",
            "weight": 0,
            "settings": [],
            "module": "text"
        }
    },
    "description": "",
    "deleted": 0,
    "default_value": null,
    "default_value_function": null,
    "widget": {
        "type": "text_textarea",
        "settings": {
            "rows": 5
        },
        "weight": 0,
        "module": "text"
    }
}
