{
    "_config_name": "node.type.portfolio",
    "type": "portfolio",
    "name": "Portfolio",
    "base": "node_content",
    "module": "node",
    "node_preview": "1",
    "description": "All the works",
    "help": "",
    "modified": true,
    "disabled": false,
    "has_title": true,
    "title_label": "Title",
    "settings": {
        "comment_enabled": false,
        "comment_default": "1",
        "comment_per_page": "50",
        "comment_mode": 1,
        "comment_anonymous": 0,
        "comment_subject_field": 0,
        "comment_user_picture": 1,
        "comment_form_location": 1,
        "comment_preview": "1",
        "comment_close_enabled": 0,
        "comment_close_days": "14",
        "menu_default": 0,
        "menu_options": {
            "user-menu": 0,
            "management": 0,
            "main-menu": 0
        },
        "menu_parent": "main-menu:0",
        "status_default": 1,
        "scheduling_enabled": 1,
        "promote_enabled": 1,
        "promote_default": 0,
        "sticky_enabled": 1,
        "sticky_default": 0,
        "revision_enabled": 1,
        "revision_default": 0,
        "node_preview": "1",
        "node_submitted": 0,
        "node_submitted_format": "[node:created:medium] by [node:author]",
        "node_user_picture": 1,
        "hidden_path": 0,
        "language": 0,
        "node_permissions": true
    },
    "orig_type": "portfolio"
}
