{
    "_config_name": "views.view.portfolio",
    "name": "portfolio",
    "description": "",
    "tag": "default",
    "disabled": false,
    "base_table": "node",
    "human_name": "Portfolio",
    "core": "1.20.2",
    "display": {
        "default": {
            "display_title": "Master",
            "display_plugin": "default",
            "display_options": {
                "query": {
                    "type": "views_query",
                    "options": []
                },
                "access": {
                    "type": "perm",
                    "perm": "access content"
                },
                "cache": {
                    "type": "none"
                },
                "exposed_form": {
                    "type": "basic"
                },
                "pager": {
                    "type": "some",
                    "options": {
                        "items_per_page": "6"
                    }
                },
                "style_plugin": "views_bootstrap_grid_plugin_style",
                "row_plugin": "fields",
                "fields": {
                    "field_portfolio_image": {
                        "id": "field_portfolio_image",
                        "table": "field_data_field_portfolio_image",
                        "field": "field_portfolio_image",
                        "relationship": "none",
                        "group_type": "group",
                        "ui_name": "",
                        "label": "",
                        "exclude": 1,
                        "alter": {
                            "alter_text": 0,
                            "text": "",
                            "make_link": 0,
                            "path": "",
                            "absolute": 0,
                            "external": 0,
                            "replace_spaces": 0,
                            "path_case": "none",
                            "trim_whitespace": 0,
                            "alt": "",
                            "rel": "",
                            "link_class": "",
                            "prefix": "",
                            "suffix": "",
                            "target": "",
                            "nl2br": 0,
                            "max_length": "",
                            "word_boundary": 1,
                            "ellipsis": 1,
                            "more_link": 0,
                            "more_link_text": "",
                            "more_link_path": "",
                            "strip_tags": 0,
                            "trim": 0,
                            "preserve_tags": "",
                            "html": 0
                        },
                        "element_type": "",
                        "element_class": "",
                        "element_label_type": "",
                        "element_label_class": "",
                        "element_label_colon": false,
                        "element_wrapper_type": "",
                        "element_wrapper_class": "",
                        "element_default_classes": 1,
                        "empty": "",
                        "hide_empty": 0,
                        "empty_zero": 0,
                        "hide_alter_empty": 1,
                        "click_sort_column": "fid",
                        "type": "image",
                        "settings": {
                            "image_style": "",
                            "image_link": "",
                            "image_float": "",
                            "image_load": "auto"
                        },
                        "group_column": "",
                        "group_columns": [],
                        "group_rows": true,
                        "delta_limit": "all",
                        "delta_offset": 0,
                        "delta_reversed": false,
                        "delta_first_last": false,
                        "multi_type": "separator",
                        "separator": ", ",
                        "field_api_classes": 0
                    },
                    "field_portfolio_link": {
                        "id": "field_portfolio_link",
                        "table": "field_data_field_portfolio_link",
                        "field": "field_portfolio_link",
                        "relationship": "none",
                        "group_type": "group",
                        "ui_name": "",
                        "label": "",
                        "exclude": 1,
                        "alter": {
                            "alter_text": 0,
                            "text": "",
                            "make_link": 0,
                            "path": "",
                            "absolute": 0,
                            "external": 0,
                            "replace_spaces": 0,
                            "path_case": "none",
                            "trim_whitespace": 0,
                            "alt": "",
                            "rel": "",
                            "link_class": "",
                            "prefix": "",
                            "suffix": "",
                            "target": "",
                            "nl2br": 0,
                            "max_length": "",
                            "word_boundary": 1,
                            "ellipsis": 1,
                            "more_link": 0,
                            "more_link_text": "",
                            "more_link_path": "",
                            "strip_tags": 0,
                            "trim": 0,
                            "preserve_tags": "",
                            "html": 0
                        },
                        "element_type": "",
                        "element_class": "",
                        "element_label_type": "",
                        "element_label_class": "",
                        "element_label_colon": false,
                        "element_wrapper_type": "",
                        "element_wrapper_class": "",
                        "element_default_classes": 1,
                        "empty": "",
                        "hide_empty": 0,
                        "empty_zero": 0,
                        "hide_alter_empty": 1,
                        "click_sort_column": "url",
                        "type": "link_default",
                        "settings": [],
                        "group_column": "",
                        "group_columns": [],
                        "group_rows": true,
                        "delta_limit": "all",
                        "delta_offset": 0,
                        "delta_reversed": false,
                        "delta_first_last": false,
                        "multi_type": "separator",
                        "separator": ", ",
                        "field_api_classes": 0
                    },
                    "nothing": {
                        "id": "nothing",
                        "table": "views",
                        "field": "nothing",
                        "relationship": "none",
                        "group_type": "group",
                        "ui_name": "",
                        "label": "",
                        "exclude": 0,
                        "alter": {
                            "alter_text": true,
                            "text": "<div class =\"views-field-field-portfolio-image\">\r\n[field_portfolio_image] \r\n[field_portfolio_link]\r\n</div>",
                            "make_link": 0,
                            "path": "",
                            "absolute": 0,
                            "external": 0,
                            "replace_spaces": 0,
                            "path_case": "none",
                            "trim_whitespace": 0,
                            "alt": "",
                            "rel": "",
                            "link_class": "",
                            "prefix": "",
                            "suffix": "",
                            "target": "",
                            "nl2br": 0,
                            "max_length": "",
                            "word_boundary": 1,
                            "ellipsis": 1,
                            "more_link": 0,
                            "more_link_text": "",
                            "more_link_path": "",
                            "strip_tags": 0,
                            "trim": 0,
                            "preserve_tags": "",
                            "html": 0
                        },
                        "element_type": "",
                        "element_class": "",
                        "element_label_type": "",
                        "element_label_class": "",
                        "element_label_colon": false,
                        "element_wrapper_type": "",
                        "element_wrapper_class": "",
                        "element_default_classes": 1,
                        "empty": "",
                        "hide_empty": 0,
                        "empty_zero": 0,
                        "hide_alter_empty": 0
                    }
                },
                "filters": {
                    "status": {
                        "value": 1,
                        "table": "node",
                        "field": "status",
                        "id": "status",
                        "expose": {
                            "operator": false
                        },
                        "group": 1
                    },
                    "type": {
                        "id": "type",
                        "table": "node",
                        "field": "type",
                        "value": {
                            "portfolio": "portfolio"
                        }
                    }
                },
                "sorts": {
                    "created": {
                        "id": "created",
                        "table": "node",
                        "field": "created",
                        "order": "DESC"
                    }
                },
                "title": "Portfolio",
                "style_options": {
                    "grouping": [],
                    "alignment": "horizontal",
                    "columns": "3",
                    "class_prefix": "col-md"
                },
                "header": {
                    "area": {
                        "id": "area",
                        "table": "views",
                        "field": "area",
                        "relationship": "none",
                        "group_type": "group",
                        "ui_name": "",
                        "label": "",
                        "empty": 0,
                        "content": "<p class=\"text-align-center\"><strong>Explore Our Best Works</strong></p>\r\n\r\n<p class=\"text-align-center\">Our selection is based on extensive research, evaluation, and analysis, with the purpose of presenting you with the best agencies that will address your business needs.</p>\r\n",
                        "format": "full_html",
                        "tokenize": 0
                    }
                }
            }
        },
        "block": {
            "display_title": "Block",
            "display_plugin": "block",
            "display_options": {
                "query": {
                    "type": "views_query",
                    "options": []
                }
            }
        }
    }
}
